residue1,protein1,copy1,residue2,protein2,copy2,distance,force_constant
24,KCOIL,*,24,ECOIL,*,4.942,1.000
20,KCOIL,*,24,ECOIL,*,7.943,1.000
20,KCOIL,*,28,ECOIL,*,8.102,1.000
32,KCOIL,*,24,ECOIL,*,8.346,1.000
6,KCOIL,*,45,ECOIL,*,8.781,1.000
37,KCOIL,*,38,ECOIL,*,9.262,1.000
15,KCOIL,*,14,ECOIL,*,9.318,1.000
46,KCOIL,*,7,ECOIL,*,9.743,1.000
39,KCOIL,*,7,ECOIL,*,10.493,1.000
44,KCOIL,*,38,ECOIL,*,10.527,1.000
20,KCOIL,*,24,KCOIL,*,9.109,1.000
15,KCOIL,*,37,KCOIL,*,11.201,1.000
21,ECOIL,*,24,ECOIL,*,10.972,1.000
24,ECOIL,*,28,ECOIL,*,11.479,1.000
