protein,new_index,restype,original_chain,original_resseq,original_icode,observed
TRYP,1,ILE,A,16,,1
TRYP,2,VAL,A,17,,1
TRYP,3,GLY,A,18,,1
TRYP,4,GLY,A,19,,1
TRYP,5,TYR,A,20,,1
TRYP,6,THR,A,21,,1
TRYP,7,CYS,A,22,,1
TRYP,8,ALA,A,23,,1
TRYP,9,ALA,A,24,,1
TRYP,10,ASN,A,25,,1
TRYP,11,SER,A,26,,1
TRYP,12,ILE,A,27,,1
TRYP,13,PRO,A,28,,1
TRYP,14,TYR,A,29,,1
TRYP,15,GLN,A,30,,1
TRYP,16,VAL,A,31,,1
TRYP,17,SER,A,32,,1
TRYP,18,LEU,A,33,,1
TRYP,19,ASN,A,34,,1
TRYP,20,SER,A,37,,1
TRYP,21,GLY,A,38,,1
TRYP,22,SER,A,39,,1
TRYP,23,HIS,A,40,,1
TRYP,24,PHE,A,41,,1
TRYP,25,CYS,A,42,,1
TRYP,26,GLY,A,43,,1
TRYP,27,GLY,A,44,,1
TRYP,28,SER,A,45,,1
TRYP,29,LEU,A,46,,1
TRYP,30,ILE,A,47,,1
TRYP,31,ASN,A,48,,1
TRYP,32,SER,A,49,,1
TRYP,33,GLN,A,50,,1
TRYP,34,TRP,A,51,,1
TRYP,35,VAL,A,52,,1
TRYP,36,VAL,A,53,,1
TRYP,37,SER,A,54,,1
TRYP,38,ALA,A,55,,1
TRYP,39,ALA,A,56,,1
TRYP,40,HIS,A,57,,1
TRYP,41,CYS,A,58,,1
TRYP,42,TYR,A,59,,1
TRYP,43,LYS,A,60,,1
TRYP,44,SER,A,61,,1
TRYP,45,ARG,A,62,,1
TRYP,46,ILE,A,63,,1
TRYP,47,GLN,A,64,,1
TRYP,48,VAL,A,65,,1
TRYP,49,ARG,A,66,,1
TRYP,50,LEU,A,67,,1
TRYP,51,GLY,A,69,,1
TRYP,52,GLU,A,70,,1
TRYP,53,HIS,A,71,,1
TRYP,54,ASN,A,72,,1
TRYP,55,ILE,A,73,,1
TRYP,56,ASP,A,74,,1
TRYP,57,VAL,A,75,,1
TRYP,58,LEU,A,76,,1
TRYP,59,GLU,A,77,,1
TRYP,60,GLY,A,78,,1
TRYP,61,ASN,A,79,,1
TRYP,62,GLU,A,80,,1
TRYP,63,GLN,A,81,,1
TRYP,64,PHE,A,82,,1
TRYP,65,ILE,A,83,,1
TRYP,66,ASN,A,84,,1
TRYP,67,ALA,A,85,,1
TRYP,68,ALA,A,86,,1
TRYP,69,LYS,A,87,,1
TRYP,70,ILE,A,88,,1
TRYP,71,ILE,A,89,,1
TRYP,72,THR,A,90,,1
TRYP,73,HIS,A,91,,1
TRYP,74,PRO,A,92,,1
TRYP,75,ASN,A,93,,1
TRYP,76,PHE,A,94,,1
TRYP,77,ASN,A,95,,1
TRYP,78,GLY,A,96,,1
TRYP,79,ASN,A,97,,1
TRYP,80,THR,A,98,,1
TRYP,81,LEU,A,99,,1
TRYP,82,ASP,A,100,,1
TRYP,83,ASN,A,101,,1
TRYP,84,ASP,A,102,,1
TRYP,85,ILE,A,103,,1
TRYP,86,MET,A,104,,1
TRYP,87,LEU,A,105,,1
TRYP,88,ILE,A,106,,1
TRYP,89,LYS,A,107,,1
TRYP,90,LEU,A,108,,1
TRYP,91,SER,A,109,,1
TRYP,92,SER,A,110,,1
TRYP,93,PRO,A,111,,1
TRYP,94,ALA,A,112,,1
TRYP,95,THR,A,113,,1
TRYP,96,LEU,A,114,,1
TRYP,97,ASN,A,115,,1
TRYP,98,SER,A,116,,1
TRYP,99,ARG,A,117,,1
TRYP,100,VAL,A,118,,1
TRYP,101,ALA,A,119,,1
TRYP,102,THR,A,120,,1
TRYP,103,VAL,A,121,,1
TRYP,104,SER,A,122,,1
TRYP,105,LEU,A,123,,1
TRYP,106,PRO,A,124,,1
TRYP,107,ARG,A,125,,1
TRYP,108,SER,A,127,,1
TRYP,109,CYS,A,128,,1
TRYP,110,ALA,A,129,,1
TRYP,111,ALA,A,130,,1
TRYP,112,ALA,A,132,,1
TRYP,113,GLY,A,133,,1
TRYP,114,THR,A,134,,1
TRYP,115,GLU,A,135,,1
TRYP,116,CYS,A,136,,1
TRYP,117,LEU,A,137,,1
TRYP,118,ILE,A,138,,1
TRYP,119,SER,A,139,,1
TRYP,120,GLY,A,140,,1
TRYP,121,TRP,A,141,,1
TRYP,122,GLY,A,142,,1
TRYP,123,ASN,A,143,,1
TRYP,124,THR,A,144,,1
TRYP,125,LYS,A,145,,1
TRYP,126,SER,A,146,,1
TRYP,127,SER,A,147,,1
TRYP,128,GLY,A,148,,1
TRYP,129,SER,A,149,,1
TRYP,130,SER,A,150,,1
TRYP,131,TYR,A,151,,1
TRYP,132,PRO,A,152,,1
TRYP,133,SER,A,153,,1
TRYP,134,LEU,A,154,,1
TRYP,135,LEU,A,155,,1
TRYP,136,GLN,A,156,,1
TRYP,137,CYS,A,157,,1
TRYP,138,LEU,A,158,,1
TRYP,139,LYS,A,159,,1
TRYP,140,ALA,A,160,,1
TRYP,141,PRO,A,161,,1
TRYP,142,VAL,A,162,,1
TRYP,143,LEU,A,163,,1
TRYP,144,SER,A,164,,1
TRYP,145,ASP,A,165,,1
TRYP,146,SER,A,166,,1
TRYP,147,SER,A,167,,1
TRYP,148,CYS,A,168,,1
TRYP,149,LYS,A,169,,1
TRYP,150,SER,A,170,,1
TRYP,151,SER,A,171,,1
TRYP,152,TYR,A,172,,1
TRYP,153,PRO,A,173,,1
TRYP,154,GLY,A,174,,1
TRYP,155,GLN,A,175,,1
TRYP,156,ILE,A,176,,1
TRYP,157,THR,A,177,,1
TRYP,158,GLY,A,178,,1
TRYP,159,ASN,A,179,,1
TRYP,160,MET,A,180,,1
TRYP,161,ILE,A,181,,1
TRYP,162,CYS,A,182,,1
TRYP,163,VAL,A,183,,1
TRYP,164,GLY,A,184,A,1
TRYP,165,PHE,A,184,,1
TRYP,166,LEU,A,185,,1
TRYP,167,GLU,A,186,,1
TRYP,168,GLY,A,187,,1
TRYP,169,GLY,A,188,A,1
TRYP,170,LYS,A,188,,1
TRYP,171,ASP,A,189,,1
TRYP,172,SER,A,190,,1
TRYP,173,CYS,A,191,,1
TRYP,174,GLN,A,192,,1
TRYP,175,GLY,A,193,,1
TRYP,176,ASP,A,194,,1
TRYP,177,SER,A,195,,1
TRYP,178,GLY,A,196,,1
TRYP,179,GLY,A,197,,1
TRYP,180,PRO,A,198,,1
TRYP,181,VAL,A,199,,1
TRYP,182,VAL,A,200,,1
TRYP,183,CYS,A,201,,1
TRYP,184,ASN,A,202,,1
TRYP,185,GLY,A,203,,1
TRYP,186,GLN,A,204,,1
TRYP,187,LEU,A,209,,1
TRYP,188,GLN,A,210,,1
TRYP,189,GLY,A,211,,1
TRYP,190,ILE,A,212,,1
TRYP,191,VAL,A,213,,1
TRYP,192,SER,A,214,,1
TRYP,193,TRP,A,215,,1
TRYP,194,GLY,A,216,,1
TRYP,195,TYR,A,217,,1
TRYP,196,GLY,A,219,,1
TRYP,197,CYS,A,220,,1
TRYP,198,ALA,A,221,A,1
TRYP,199,GLN,A,221,,1
TRYP,200,LYS,A,222,,1
TRYP,201,ASN,A,223,,1
TRYP,202,LYS,A,224,,1
TRYP,203,PRO,A,225,,1
TRYP,204,GLY,A,226,,1
TRYP,205,VAL,A,227,,1
TRYP,206,TYR,A,228,,1
TRYP,207,THR,A,229,,1
TRYP,208,LYS,A,230,,1
TRYP,209,VAL,A,231,,1
TRYP,210,CYS,A,232,,1
TRYP,211,ASN,A,233,,1
TRYP,212,TYR,A,234,,1
TRYP,213,VAL,A,235,,1
TRYP,214,ASN,A,236,,1
TRYP,215,TRP,A,237,,1
TRYP,216,ILE,A,238,,1
TRYP,217,GLN,A,239,,1
TRYP,218,GLN,A,240,,1
TRYP,219,THR,A,241,,1
TRYP,220,ILE,A,242,,1
TRYP,221,ALA,A,243,,1
TRYP,222,ALA,A,244,,1
TRYP,223,ASN,A,245,,1
STI,1,ASP,B,501,,1
STI,2,PHE,B,502,,1
STI,3,VAL,B,503,,1
STI,4,LEU,B,504,,1
STI,5,ASP,B,505,,1
STI,6,ASN,B,506,,1
STI,7,GLU,B,507,,1
STI,8,GLY,B,508,,1
STI,9,ASN,B,509,,1
STI,10,PRO,B,510,,1
STI,11,LEU,B,511,,1
STI,12,GLU,B,512,,1
STI,13,ASN,B,513,,1
STI,14,GLY,B,514,,1
STI,15,GLY,B,515,,1
STI,16,THR,B,516,,1
STI,17,TYR,B,517,,1
STI,18,TYR,B,518,,1
STI,19,ILE,B,519,,1
STI,20,LEU,B,520,,1
STI,21,SER,B,521,,1
STI,22,ASP,B,522,,1
STI,23,ILE,B,523,,1
STI,24,THR,B,524,,1
STI,25,ALA,B,525,,1
STI,26,PHE,B,526,,1
STI,27,GLY,B,527,,1
STI,28,GLY,B,528,,1
STI,29,ILE,B,529,,1
STI,30,ARG,B,530,,1
STI,31,ALA,B,531,,1
STI,32,ALA,B,532,,1
STI,33,PRO,B,533,,1
STI,34,THR,B,534,,1
STI,35,GLY,B,535,,1
STI,36,ASN,B,536,,1
STI,37,GLU,B,537,,1
STI,38,ARG,B,538,,1
STI,39,CYS,B,539,,1
STI,40,PRO,B,540,,1
STI,41,LEU,B,541,,1
STI,42,THR,B,542,,1
STI,43,VAL,B,543,,1
STI,44,VAL,B,544,,1
STI,45,GLN,B,545,,1
STI,46,SER,B,546,,1
STI,47,ARG,B,547,,1
STI,48,ASN,B,548,,1
STI,49,GLU,B,549,,1
STI,50,LEU,B,550,,1
STI,51,ASP,B,551,,1
STI,52,LYS,B,552,,1
STI,53,GLY,B,553,,1
STI,54,ILE,B,554,,1
STI,55,GLY,B,555,,1
STI,56,THR,B,556,,1
STI,57,ILE,B,557,,1
STI,58,ILE,B,558,,1
STI,59,SER,B,559,,1
STI,60,SER,B,560,,1
STI,61,PRO,B,561,,1
STI,62,TYR,B,562,,1
STI,63,ARG,B,563,,1
STI,64,ILE,B,564,,1
STI,65,ARG,B,565,,1
STI,66,PHE,B,566,,1
STI,67,ILE,B,567,,1
STI,68,ALA,B,568,,1
STI,69,GLU,B,569,,1
STI,70,GLY,B,570,,1
STI,71,HIS,B,571,,1
STI,72,PRO,B,572,,1
STI,73,LEU,B,573,,1
STI,74,SER,B,574,,1
STI,75,LEU,B,575,,1
STI,76,LYS,B,576,,1
STI,77,PHE,B,577,,1
STI,78,ASP,B,578,,1
STI,79,SER,B,579,,1
STI,80,PHE,B,580,,1
STI,81,ALA,B,581,,1
STI,82,VAL,B,582,,1
STI,83,ILE,B,583,,1
STI,84,MET,B,584,,1
STI,85,LEU,B,585,,1
STI,86,CYS,B,586,,1
STI,87,VAL,B,587,,1
STI,88,GLY,B,588,,1
STI,89,ILE,B,589,,1
STI,90,PRO,B,590,,1
STI,91,THR,B,591,,1
STI,92,GLU,B,592,,1
STI,93,TRP,B,593,,1
STI,94,SER,B,594,,1
STI,95,VAL,B,595,,1
STI,96,VAL,B,596,,1
STI,97,GLU,B,597,,1
STI,98,ASP,B,598,,1
STI,99,LEU,B,599,,1
STI,100,PRO,B,600,,1
STI,101,GLU,B,601,,1
STI,102,GLY,B,602,,1
STI,103,PRO,B,603,,1
STI,104,ALA,B,604,,1
STI,105,VAL,B,605,,1
STI,106,LYS,B,606,,1
STI,107,ILE,B,607,,1
STI,108,GLY,B,608,,1
STI,109,GLU,B,609,,1
STI,110,ASN,B,610,,1
STI,111,LYS,B,611,,1
STI,112,ASP,B,612,,1
STI,113,ALA,B,613,,1
STI,114,MET,B,614,,1
STI,115,ASP,B,615,,1
STI,116,GLY,B,616,,1
STI,117,TRP,B,617,,1
STI,118,PHE,B,618,,1
STI,119,ARG,B,619,,1
STI,120,LEU,B,620,,1
STI,121,GLU,B,621,,1
STI,122,ARG,B,622,,1
STI,123,VAL,B,623,,1
STI,124,SER,B,624,,1
STI,125,ASP,B,625,,1
STI,126,ASP,B,626,,1
STI,127,GLU,B,627,,1
STI,128,PHE,B,628,,1
STI,129,ASN,B,629,,1
STI,130,ASN,B,630,,1
STI,131,TYR,B,631,,1
STI,132,LYS,B,632,,1
STI,133,LEU,B,633,,1
STI,134,VAL,B,634,,1
STI,135,PHE,B,635,,1
STI,136,CYS,B,636,,1
STI,137,PRO,B,637,,1
STI,138,GLN,B,638,,1
STI,139,LYS,B,644,,1
STI,140,CYS,B,645,,1
STI,141,GLY,B,646,,1
STI,142,ASP,B,647,,1
STI,143,ILE,B,648,,1
STI,144,GLY,B,649,,1
STI,145,ILE,B,650,,1
STI,146,SER,B,651,,1
STI,147,ILE,B,652,,1
STI,148,ASP,B,653,,1
STI,149,HIS,B,654,,1
STI,150,ASP,B,655,,1
STI,151,ASP,B,656,,1
STI,152,GLY,B,657,,1
STI,153,THR,B,658,,1
STI,154,ARG,B,659,,1
STI,155,ARG,B,660,,1
STI,156,LEU,B,661,,1
STI,157,VAL,B,662,,1
STI,158,VAL,B,663,,1
STI,159,SER,B,664,,1
STI,160,LYS,B,665,,1
STI,161,ASN,B,666,,1
STI,162,LYS,B,667,,1
STI,163,PRO,B,668,,1
STI,164,LEU,B,669,,1
STI,165,VAL,B,670,,1
STI,166,VAL,B,671,,1
STI,167,GLN,B,672,,1
STI,168,PHE,B,673,,1
STI,169,GLN,B,674,,1
STI,170,LYS,B,675,,1
STI,171,LEU,B,676,,1
STI,172,ASP,B,677,,1
